id,Existing Customer,Attrited Customer
0,0.9906997084617615,0.009300275705754757
1,0.9886070489883423,0.011392972432076931
2,0.897704541683197,0.10229546576738358
3,0.9942384362220764,0.005761563312262297
4,0.9989932179450989,0.0010067678522318602
5,0.002808511257171631,0.9971914887428284
6,0.9993975758552551,0.0006024396861903369
7,0.9941062927246094,0.0058936914429068565
8,0.9898685812950134,0.010131425224244595
9,0.9981235265731812,0.001876492751762271
10,0.9968368411064148,0.003163134679198265
11,0.010822951793670654,0.9891770482063293
12,0.9616879224777222,0.03831210732460022
13,0.9993849396705627,0.0006150449626147747
14,0.28379786014556885,0.7162021398544312
15,0.9976692199707031,0.002330804243683815
16,0.9995378255844116,0.00046215555630624294
17,0.9971873760223389,0.0028125981334596872
18,0.03747570514678955,0.9625242948532104
19,0.9975466728210449,0.0024533444084227085
20,0.99936842918396,0.0006315961363725364
21,0.9988635182380676,0.0011364644160494208
22,0.9997071027755737,0.0002929094771388918
23,0.9994799494743347,0.0005200292798690498
24,0.029931068420410156,0.9700689315795898
25,0.999369204044342,0.0006307815783657134
26,0.9906972050666809,0.009302811697125435
27,0.9993641376495361,0.0006358693353831768
28,0.9992457628250122,0.0007542615639977157
29,0.99848473072052,0.0015152450650930405
30,0.9987271428108215,0.001272847643122077
31,0.9991173148155212,0.0008826942066662014
32,0.9968107342720032,0.003189269220456481
33,0.6004395484924316,0.39956045150756836
34,0.9935785531997681,0.006421476136893034
35,0.9993776082992554,0.0006223702221177518
36,0.9983668923377991,0.0016331038204953074
37,0.999381422996521,0.000618583697360009
38,0.0734524130821228,0.9265475869178772
39,0.9988524317741394,0.0011475529754534364
40,0.998999297618866,0.0010007279925048351
41,0.17576295137405396,0.824237048625946
42,0.9976810216903687,0.002318992977961898
43,0.006431639194488525,0.9935683608055115
44,0.9953107833862305,0.004689211957156658
45,0.9974166750907898,0.0025833123363554478
46,0.9987688660621643,0.0012311396421864629
47,0.9507452249526978,0.049254804849624634
48,0.9996746182441711,0.00032537500374019146
49,0.999653160572052,0.00034686317667365074
50,0.999106228351593,0.0008937534294091165
51,0.787514865398407,0.2124851495027542
52,0.9992104768753052,0.0007895228336565197
53,0.999305009841919,0.0006949859671294689
54,0.7222565412521362,0.2777434289455414
55,0.08923739194869995,0.9107626080513
56,0.039469897747039795,0.9605301022529602
57,0.9992955327033997,0.0007044509402476251
58,0.9916766881942749,0.008323311805725098
59,0.994016706943512,0.005983275827020407
60,0.9995256066322327,0.0004743864992633462
61,0.33104485273361206,0.6689551472663879
62,0.9955660700798035,0.004433958791196346
63,0.9960636496543884,0.003936325199902058
64,0.0884556770324707,0.9115443229675293
65,0.99819016456604,0.0018098173895850778
66,0.9938618540763855,0.0061381300911307335
67,0.03843867778778076,0.9615613222122192
68,0.11100125312805176,0.8889987468719482
69,0.9994202256202698,0.0005797896301373839
70,0.9988791942596436,0.0011208266951143742
71,0.9996439814567566,0.0003560061159078032
72,0.9983935952186584,0.0016063926741480827
73,0.9982430338859558,0.0017569662304595113
74,0.9989235401153564,0.0010764319449663162
75,0.9997479915618896,0.0002519800327718258
76,0.9993638396263123,0.000636153039522469
77,0.17864328622817993,0.8213567137718201
78,0.9852051138877869,0.014794898219406605
79,0.9987578988075256,0.0012421304127201438
80,0.9971158504486084,0.0028841523453593254
81,0.9994741082191467,0.0005258664605207741
82,0.9992974996566772,0.0007025104132480919
83,0.9995915293693542,0.00040845293551683426
84,0.9920556545257568,0.007944372482597828
85,0.9987476468086243,0.0012523708865046501
86,0.3857015371322632,0.6142984628677368
87,0.9995153546333313,0.00048465083818882704
88,0.9996271729469299,0.00037284946301952004
89,0.999086320400238,0.000913673487957567
90,0.9995095729827881,0.000490419624838978
91,0.9896442294120789,0.010355770587921143
92,0.7057114243507385,0.2942885756492615
93,0.9995095729827881,0.0004904294619336724
94,0.9991900324821472,0.0008099496481008828
95,0.4097338318824768,0.5902661681175232
96,0.9965273141860962,0.003472711192443967
97,0.9993240237236023,0.0006759623647667468
98,0.030187249183654785,0.9698127508163452
99,0.9899659752845764,0.010034026578068733
100,0.012089729309082031,0.987910270690918
101,0.9803875088691711,0.0196125116199255
102,0.999061107635498,0.0009389217011630535
103,0.9990760684013367,0.0009239311912097037
104,0.9988348484039307,0.001165150897577405
105,0.9996106624603271,0.0003893183311447501
106,0.9997836947441101,0.0002163259341614321
107,0.9971390962600708,0.0028609149158000946
108,0.998925507068634,0.0010744797764346004
109,0.0522613525390625,0.9477386474609375
110,0.9989946484565735,0.001005365513265133
111,0.0576326847076416,0.9423673152923584
112,0.9972350597381592,0.002764942590147257
113,0.9647285342216492,0.035271454602479935
114,0.9987489581108093,0.0012510415399447083
115,0.9992972016334534,0.0007027712417766452
116,0.9990605115890503,0.0009394751978106797
117,0.9595522880554199,0.04044771566987038
118,0.9989307522773743,0.0010692343348637223
119,0.999186635017395,0.0008133933297358453
120,0.9552736282348633,0.04472636058926582
121,0.9982079267501831,0.0017920791869983077
122,0.9759852886199951,0.024014707654714584
123,0.9993789196014404,0.0006210890715010464
124,0.9989967942237854,0.0010032113641500473
125,0.9988016486167908,0.0011983669828623533
126,0.014224886894226074,0.9857751131057739
127,0.9800436496734619,0.019956327974796295
128,0.05625516176223755,0.9437448382377625
129,0.998961329460144,0.0010386676294729114
130,0.999534547328949,0.00046548168756999075
131,0.9363945722579956,0.06360543519258499
132,0.9981436133384705,0.0018563990015536547
133,0.9985315203666687,0.001468456699512899
134,0.9994487166404724,0.0005513114156201482
135,0.997773289680481,0.002226703567430377
136,0.9983698725700378,0.0016301266150549054
137,0.9995037913322449,0.0004961792146787047
138,0.999160885810852,0.0008390916045755148
139,0.273723304271698,0.726276695728302
140,0.9993810057640076,0.0006190127460286021
141,0.9990290999412537,0.0009709283476695418
142,0.9991562962532043,0.0008437173091806471
143,0.9987117052078247,0.0012882695300504565
144,0.9982790350914001,0.0017209902871400118
145,0.034787118434906006,0.965212881565094
146,0.9995697736740112,0.0004302489396650344
147,0.006799280643463135,0.9932007193565369
148,0.9971575140953064,0.0028424919582903385
149,0.05543076992034912,0.9445692300796509
150,0.008203625679016113,0.9917963743209839
151,0.0036150217056274414,0.9963849782943726
152,0.9992671608924866,0.0007328611682169139
153,0.03373885154724121,0.9662611484527588
154,0.9875877499580383,0.012412240728735924
155,0.999197781085968,0.0008022177498787642
156,0.9988992810249329,0.0011006974382326007
157,0.9976899027824402,0.002310120267793536
158,0.6836941838264465,0.31630581617355347
159,0.15739083290100098,0.842609167098999
160,0.9995054602622986,0.000494514824822545
161,0.9938976764678955,0.006102297455072403
162,0.9957224726676941,0.004277501720935106
163,0.08939540386199951,0.9106045961380005
164,0.9996515512466431,0.0003484469489194453
165,0.8888919353485107,0.11110809445381165
166,0.9225492477416992,0.07745078206062317
167,0.9993128776550293,0.0006871363148093224
168,0.9987860321998596,0.0012139930622652173
169,0.997992753982544,0.002007261151447892
170,0.9983727931976318,0.001627197372727096
171,0.9994274377822876,0.0005725727532990277
172,0.0071936845779418945,0.9928063154220581
173,0.9991306662559509,0.0008693570271134377
174,0.9986658096313477,0.0013342134188860655
175,0.9965682625770569,0.003431744175031781
176,0.9995015859603882,0.0004983855178579688
177,0.9953934550285339,0.0046065449714660645
178,0.9985021948814392,0.0014978174585849047
179,0.9722316861152649,0.02776830643415451
180,0.0037853121757507324,0.9962146878242493
181,0.9988960027694702,0.0011040221434086561
182,0.42873209714889526,0.5712679028511047
183,0.9991682171821594,0.0008317643078044057
184,0.997765839099884,0.0022341764997690916
185,0.03100895881652832,0.9689910411834717
186,0.9927060008049011,0.007293982431292534
187,0.9984569549560547,0.0015430304920300841
188,0.9682238698005676,0.031776148825883865
189,0.8917562365531921,0.10824377834796906
190,0.9942302703857422,0.005769724957644939
191,0.0020755529403686523,0.9979244470596313
192,0.3182178735733032,0.6817821264266968
193,0.39454591274261475,0.6054540872573853
194,0.9996021389961243,0.0003978374588768929
195,0.9994039535522461,0.0005960202543064952
196,0.9985426664352417,0.0014573447406291962
197,0.9963874816894531,0.003612494794651866
198,0.9969264268875122,0.0030735444743186235
199,0.9990631341934204,0.0009368490427732468
200,0.0455629825592041,0.9544370174407959
201,0.282231867313385,0.717768132686615
202,0.9978075623512268,0.002192437881603837
203,0.9990586638450623,0.000941324105951935
204,0.9982284903526306,0.0017714966088533401
205,0.998918890953064,0.0010810914682224393
206,0.9996182918548584,0.00038172563654370606
207,0.9920597076416016,0.007940296083688736
208,0.5255881547927856,0.47441184520721436
209,0.994575560092926,0.00542445806786418
210,0.9992871284484863,0.0007128650322556496
211,0.9991447329521179,0.0008552847430109978
212,0.0050612688064575195,0.9949387311935425
213,0.004014849662780762,0.9959851503372192
214,0.9972534775733948,0.002746504032984376
215,0.9989138841629028,0.001086112461052835
216,0.08266937732696533,0.9173306226730347
217,0.9952545762062073,0.004745397716760635
218,0.999313473701477,0.000686508952639997
219,0.007061123847961426,0.9929388761520386
220,0.9994475841522217,0.0005524004809558392
221,0.016580700874328613,0.9834192991256714
222,0.9933476448059082,0.0066523365676403046
223,0.9992272853851318,0.0007727016927674413
224,0.32401514053344727,0.6759848594665527
225,0.9662571549415588,0.03374282643198967
226,0.46464699506759644,0.5353530049324036
227,0.9990144371986389,0.0009855687385424972
228,0.9994103312492371,0.0005896877264603972
229,0.9987443089485168,0.0012556698638945818
230,0.9976106286048889,0.0023893816396594048
231,0.020349502563476562,0.9796504974365234
232,0.9980623722076416,0.001937613938935101
233,0.9993776082992554,0.0006223915843293071
234,0.9986705183982849,0.0013294739183038473
235,0.5208358764648438,0.47916415333747864
236,0.002780318260192871,0.9972196817398071
237,0.9989755153656006,0.0010244782315567136
238,0.9993599653244019,0.0006400360143743455
239,0.992226243019104,0.007773736026138067
240,0.7496969699859619,0.2503030300140381
241,0.9980522394180298,0.0019477440509945154
242,0.736865758895874,0.2631342113018036
243,0.9749794006347656,0.025020595639944077
244,0.9851579666137695,0.014842033386230469
245,0.4681316614151001,0.5318683385848999
246,0.9993215203285217,0.0006784749566577375
247,0.9968612790107727,0.003138694679364562
248,0.9980385303497314,0.0019614645279943943
249,0.9993737936019897,0.0006262139067985117
250,0.9995412230491638,0.00045875064097344875
251,0.9437432289123535,0.056256745010614395
252,0.9776153564453125,0.02238466590642929
253,0.9920063018798828,0.007993695326149464
254,0.9994964599609375,0.0005035599460825324
255,0.9969254732131958,0.003074543783441186
256,0.9965898394584656,0.0034101835917681456
257,0.9888691306114197,0.011130853556096554
258,0.9934184551239014,0.0065815201960504055
259,0.998231053352356,0.0017689426895231009
260,0.048115670680999756,0.9518843293190002
261,0.9995759129524231,0.0004241088463459164
262,0.9572511911392212,0.04274880513548851
263,0.027052223682403564,0.9729477763175964
264,0.9879958629608154,0.012004160322248936
265,0.9993613958358765,0.000638580706436187
266,0.9977482557296753,0.002251749625429511
267,0.9995651841163635,0.0004348041256889701
268,0.9993345737457275,0.0006654444732703269
269,0.9976052045822144,0.0023947921581566334
270,0.9983847141265869,0.0016153051983565092
271,0.9990686178207397,0.0009313763584941626
272,0.9988132119178772,0.0011867937864735723
273,0.9845684766769409,0.015431520529091358
274,0.997731626033783,0.0022683688439428806
275,0.9948628544807434,0.00513711990788579
276,0.9940667152404785,0.005933310370892286
277,0.9732571840286255,0.02674282155930996
278,0.82986980676651,0.1701301783323288
279,0.9980130195617676,0.0019869713578373194
280,0.999388575553894,0.0006114536663517356
281,0.9988210797309875,0.0011789269046857953
282,0.99444979429245,0.005550188012421131
283,0.0067937374114990234,0.993206262588501
284,0.9986091256141663,0.0013908505206927657
285,0.031230151653289795,0.9687698483467102
286,0.9877978563308716,0.0122021259739995
287,0.9075227975845337,0.0924772322177887
288,0.9952442646026611,0.0047557055950164795
289,0.9823070168495178,0.017692962661385536
290,0.9914517998695374,0.008548188954591751
291,0.9908382296562195,0.009161749854683876
292,0.9954330325126648,0.00456696143373847
293,0.992281436920166,0.0077185663394629955
294,0.004099786281585693,0.9959002137184143
295,0.9992012977600098,0.0007987227290868759
296,0.999019980430603,0.0009800363332033157
297,0.9992676973342896,0.0007323120953515172
298,0.9587920308113098,0.04120798036456108
299,0.998479425907135,0.0015205902745947242
300,0.9941493272781372,0.005850700661540031
301,0.9973445534706116,0.002655421383678913
302,0.9994891285896301,0.0005108998157083988
303,0.9978529214859009,0.0021470696665346622
304,0.9995794892311096,0.0004205134464427829
305,0.9033445715904236,0.09665540605783463
306,0.9982288479804993,0.0017711534164845943
307,0.9927165508270264,0.007283473387360573
308,0.9287726879119873,0.07122732698917389
309,0.999309778213501,0.0006901930901221931
310,0.8972367644309998,0.10276322066783905
311,0.9994896650314331,0.0005103639559820294
312,0.03219807147979736,0.9678019285202026
313,0.9986248016357422,0.001375171123072505
314,0.9994820952415466,0.0005178881692700088
315,0.9993950128555298,0.0006050065858289599
316,0.9985570311546326,0.0014429553411900997
317,0.9971827864646912,0.0028171848971396685
318,0.004862606525421143,0.9951373934745789
319,0.9986809492111206,0.0013190761674195528
320,0.9764590263366699,0.02354097180068493
321,0.7264956831932068,0.2735043168067932
322,0.9954133033752441,0.004586717113852501
323,0.9994394779205322,0.0005605285405181348
324,0.9795377850532532,0.02046220749616623
325,0.9952743053436279,0.004725713282823563
326,0.9986725449562073,0.0013274363009259105
327,0.9995201826095581,0.00047984695993363857
328,0.8652627468109131,0.1347372680902481
329,0.9933350682258606,0.006664933171123266
330,0.9918308854103088,0.008169099688529968
331,0.9989413619041443,0.0010586365824565291
332,0.9981128573417664,0.0018871615175157785
333,0.9994836449623108,0.0005163303576409817
334,0.9990242719650269,0.0009757254738360643
335,0.9981878995895386,0.0018121255561709404
336,0.9848848581314087,0.015115145593881607
337,0.2290259599685669,0.7709740400314331
338,0.9985878467559814,0.0014121353160589933
339,0.9988352656364441,0.0011647386709228158
340,0.9980720281600952,0.0019279848784208298
341,0.030804753303527832,0.9691952466964722
342,0.9924837350845337,0.007516252342611551
343,0.9993957877159119,0.0006042205495759845
344,0.9980292320251465,0.0019707772880792618
345,0.002865314483642578,0.9971346855163574
346,0.9992820620536804,0.0007179397507570684
347,0.9785149097442627,0.021485082805156708
348,0.9984632134437561,0.001536769443191588
349,0.9966965913772583,0.0033034207299351692
350,0.9980515241622925,0.0019484616350382566
351,0.011335253715515137,0.9886647462844849
352,0.9989026188850403,0.0010973874013870955
353,0.20020395517349243,0.7997960448265076
354,0.9995517134666443,0.0004483044904191047
355,0.9841494560241699,0.015850529074668884
356,0.9976519346237183,0.0023480888921767473
357,0.6196125745773315,0.38038745522499084
358,0.9948936104774475,0.005106362048536539
359,0.9987253546714783,0.0012746358988806605
360,0.9992913007736206,0.0007086748373694718
361,0.9964101910591125,0.0035898105707019567
362,0.9989511966705322,0.0010487904073670506
363,0.9995020031929016,0.0004979806835763156
364,0.9995022416114807,0.0004977459902875125
365,0.014467298984527588,0.9855327010154724
366,0.9934831261634827,0.0065168533474206924
367,0.999584972858429,0.0004150519671384245
368,0.9989681839942932,0.0010318245040252805
369,0.9987109303474426,0.0012890556827187538
370,0.9976678490638733,0.0023321418557316065
371,0.9975859522819519,0.0024140612222254276
372,0.9637832045555115,0.036216769367456436
373,0.9997055530548096,0.00029446010012179613
374,0.9983770847320557,0.0016229253960773349
375,0.9910780191421509,0.008921998552978039
376,0.994125247001648,0.0058747464790940285
377,0.9995555281639099,0.0004444695368874818
378,0.9991692900657654,0.000830727512948215
379,0.9988887906074524,0.0011112081119790673
380,0.8980002999305725,0.10199970752000809
381,0.9980373978614807,0.0019626065623015165
382,0.9953707456588745,0.004629260860383511
383,0.0016558170318603516,0.9983441829681396
384,0.9995020627975464,0.0004979187506251037
385,0.9119181036949158,0.08808190375566483
386,0.9980632662773132,0.0019367270870134234
387,0.9992556571960449,0.000744313292670995
388,0.9986497163772583,0.001350261503830552
389,0.99861079454422,0.0013892262941226363
390,0.893541157245636,0.10645885765552521
391,0.9973165392875671,0.002683444879949093
392,0.08507490158081055,0.9149250984191895
393,0.8576269149780273,0.14237307012081146
394,0.9984788298606873,0.0015211906284093857
395,0.9972643852233887,0.002735632937401533
396,0.9993006587028503,0.000699350144714117
397,0.9601383209228516,0.039861682802438736
398,0.9995871782302856,0.0004128034343011677
399,0.9957355260848999,0.004264466464519501
400,0.9995261430740356,0.000473883468657732
401,0.9994041919708252,0.0005958200199529529
402,0.9862912893295288,0.01370870228856802
403,0.9988352060317993,0.0011648029321804643
404,0.9988769888877869,0.001122994115576148
405,0.9977188110351562,0.0022811973467469215
406,0.9988446831703186,0.001155342091806233
407,0.002619802951812744,0.9973801970481873
408,0.9989498257637024,0.001050151651725173
409,0.9972954988479614,0.0027045155875384808
410,0.048773884773254395,0.9512261152267456
411,0.7885234355926514,0.21147656440734863
412,0.8919013142585754,0.10809867829084396
413,0.9811376929283142,0.01886228285729885
414,0.9993253350257874,0.0006746822036802769
415,0.9968283772468567,0.0031716213561594486
416,0.9997097253799438,0.0002902596315834671
417,0.9994539022445679,0.0005461106775328517
418,0.99857497215271,0.0014250570675358176
419,0.9994518160820007,0.0005481781554408371
420,0.9940987229347229,0.005901284050196409
421,0.9991554617881775,0.0008445353014394641
422,0.997756838798523,0.002243184018880129
423,0.9859910607337952,0.014008928090333939
424,0.9891406297683716,0.010859362781047821
425,0.9984131455421448,0.0015868805348873138
426,0.9965264201164246,0.003473605727776885
427,0.9991466403007507,0.000853347301017493
428,0.2103601098060608,0.7896398901939392
429,0.9939346313476562,0.006065376568585634
430,0.9992397427558899,0.0007602648111060262
431,0.021638095378875732,0.9783619046211243
432,0.11819911003112793,0.8818008899688721
433,0.9962475299835205,0.003752474905923009
434,0.9991005063056946,0.0008995016687549651
435,0.9986093640327454,0.001390616875141859
436,0.9988259673118591,0.0011740453774109483
437,0.1526576280593872,0.8473423719406128
438,0.9994626641273499,0.0005373404128476977
439,0.9988940358161926,0.0011059748940169811
440,0.9948787689208984,0.005121238529682159
441,0.9988390803337097,0.0011609436478465796
442,0.9993448853492737,0.0006551254191435874
443,0.9985062479972839,0.0014937232481315732
444,0.9996116757392883,0.0003883024037349969
445,0.9982638359069824,0.0017361663049086928
446,0.9989802241325378,0.0010197942610830069
447,0.9977694749832153,0.002230510115623474
448,0.7582682967185974,0.24173171818256378
449,0.996188223361969,0.0038117479998618364
450,0.9907822012901306,0.00921779777854681
451,0.9983519911766052,0.0016480168560519814
452,0.9976149797439575,0.0023850107099860907
453,0.9994112849235535,0.0005887442966923118
454,0.9976766705513,0.002323331544175744
455,0.9959254264831543,0.004074558615684509
456,0.999336838722229,0.0006631822907365859
457,0.999275267124176,0.0007247556350193918
458,0.9985756278038025,0.0014243582263588905
459,0.933336615562439,0.06666338443756104
460,0.9931842088699341,0.006815770640969276
461,0.99410080909729,0.0058991918340325356
462,0.9994989633560181,0.0005010627210140228
463,0.9887868762016296,0.011213128454983234
464,0.9980106353759766,0.00198937626555562
465,0.9995036125183105,0.0004963625106029212
466,0.9979141354560852,0.002085840329527855
467,0.9579734802246094,0.042026519775390625
468,0.9970940947532654,0.0029058947693556547
469,0.9971933364868164,0.002806635806336999
470,0.9915888905525208,0.008411108516156673
471,0.9996936321258545,0.00030635143048129976
472,0.05554020404815674,0.9444597959518433
473,0.9981241226196289,0.0018758480437099934
474,0.010950088500976562,0.9890499114990234
475,0.9923052191734314,0.007694798521697521
476,0.5240702629089355,0.47592973709106445
477,0.1074974536895752,0.8925025463104248
478,0.9992387890815735,0.0007611836190335453
479,0.9991636872291565,0.0008363038068637252
480,0.9990612268447876,0.0009387745521962643
481,0.9993220567703247,0.0006779639516025782
482,0.9995661973953247,0.00043381607974879444
483,0.2700907588005066,0.7299092411994934
484,0.9989148378372192,0.0010851506376639009
485,0.9808081984519958,0.019191820174455643
486,0.047517478466033936,0.9524825215339661
487,0.9994671940803528,0.0005328115075826645
488,0.12176859378814697,0.878231406211853
489,0.9915016293525696,0.008498375304043293
490,0.9994614720344543,0.0005385142867453396
491,0.9994406700134277,0.0005593090900219977
492,0.9990557432174683,0.0009442348382435739
493,0.9995299577713013,0.0004700638528447598
494,0.9979439377784729,0.0020560689736157656
495,0.8512150645256042,0.14878495037555695
496,0.9987504482269287,0.0012495314003899693
497,0.9994447231292725,0.0005552618531510234
498,0.9996118545532227,0.0003881451266352087
499,0.9987016916275024,0.0012983271153643727
500,0.937959611415863,0.06204036623239517
501,0.633821964263916,0.3661780059337616
502,0.9696107506752014,0.030389223247766495
503,0.9963774681091309,0.003622542368248105
504,0.9924362897872925,0.007563691586256027
505,0.9773887395858765,0.022611267864704132
506,0.9997217059135437,0.00027828820748254657
507,0.9996724128723145,0.0003275967901572585
508,0.9615839123725891,0.03841608390212059
509,0.9582626819610596,0.04173731431365013
510,0.9993826746940613,0.0006173124420456588
511,0.9988905787467957,0.001109414268285036
512,0.0051236748695373535,0.9948763251304626
513,0.8397083282470703,0.16029170155525208
514,0.994922935962677,0.005077071022242308
515,0.999096155166626,0.0009038234711624682
516,0.9989945292472839,0.0010054484009742737
517,0.9922553300857544,0.007744686212390661
518,0.9103469848632812,0.08965302258729935
519,0.9928314089775085,0.007168586365878582
520,0.96404629945755,0.035953719168901443
521,0.9994665384292603,0.0005334416055120528
522,0.9942148327827454,0.005785172805190086
523,0.9985186457633972,0.0014813457382842898
524,0.9968972206115723,0.003102801740169525
525,0.9992285966873169,0.0007713946397416294
526,0.9993703365325928,0.0006296403589658439
527,0.004258394241333008,0.995741605758667
528,0.004782319068908691,0.9952176809310913
529,0.9994107484817505,0.0005892290500923991
530,0.9969242215156555,0.003075773362070322
531,0.9964586496353149,0.003541374346241355
532,0.8567385077476501,0.14326150715351105
533,0.9296262860298157,0.07037372887134552
534,0.9992232918739319,0.0007767362403683364
535,0.9910944700241089,0.008905502036213875
536,0.9016796350479126,0.0983203575015068
537,0.9994849562644958,0.0005150181823410094
538,0.9996266961097717,0.00037330365739762783
539,0.9934399127960205,0.0065601058304309845
540,0.9993013143539429,0.0006986617227084935
541,0.9995424151420593,0.00045757342013530433
542,0.9961538314819336,0.003846197621896863
543,0.9994204640388489,0.000579511746764183
544,0.9996152520179749,0.00038472426240332425
545,0.9988471269607544,0.0011528603499755263
546,0.9978805184364319,0.0021194808650761843
547,0.9982874989509583,0.001712512574158609
548,0.0502854585647583,0.9497145414352417
549,0.9988054633140564,0.001194522948935628
550,0.9992350339889526,0.0007649376057088375
551,0.9976867437362671,0.0023132457863539457
552,0.007588744163513184,0.9924112558364868
553,0.005442619323730469,0.9945573806762695
554,0.028751611709594727,0.9712483882904053
555,0.9979999661445618,0.0020000431686639786
556,0.9990907311439514,0.0009092955733649433
557,0.9930540323257446,0.006945985835045576
558,0.9989444613456726,0.0010555102489888668
559,0.998659610748291,0.001340384827926755
560,0.9942207336425781,0.005779248662292957
561,0.7357863187789917,0.2642137110233307
562,0.043753981590270996,0.956246018409729
563,0.9987439513206482,0.001256063929758966
564,0.997899055480957,0.002100925426930189
565,0.8176140189170837,0.18238599598407745
566,0.9952905178070068,0.0047095054760575294
567,0.9955939054489136,0.00440609734505415
568,0.9870989322662354,0.012901081703603268
569,0.9994396567344666,0.0005603400059044361
570,0.9994938373565674,0.0005061539704911411
571,0.9990602135658264,0.0009398001129738986
572,0.99965900182724,0.0003410104545764625
573,0.9994091987609863,0.000590811250731349
574,0.9940122961997986,0.005987727083265781
575,0.9991235136985779,0.0008764642407186329
576,0.9968193769454956,0.0031806309707462788
577,0.9992409944534302,0.0007590132299810648
578,0.9992492198944092,0.0007507560076192021
579,0.1151878833770752,0.8848121166229248
580,0.8393667936325073,0.16063319146633148
581,0.9973873496055603,0.002612661337479949
582,0.999375581741333,0.0006244274554774165
583,0.9995378255844116,0.00046214673784561455
584,0.9985814094543457,0.0014185956679284573
585,0.9694395661354065,0.030560435727238655
586,0.9979485869407654,0.0020514139905571938
587,0.9995916485786438,0.0004083682724740356
588,0.9963104128837585,0.0036896122619509697
589,0.04269993305206299,0.957300066947937
590,0.9990031123161316,0.0009968902450054884
591,0.9982872605323792,0.0017127261962741613
592,0.9333374500274658,0.06666252017021179
593,0.9821311235427856,0.01786886900663376
594,0.984942615032196,0.01505740825086832
595,0.9988453388214111,0.0011546864407137036
596,0.9950794577598572,0.004920534789562225
597,0.9986267685890198,0.001373245962895453
598,0.7169734239578247,0.2830265760421753
599,0.9984087944030762,0.0015912168892100453
600,0.9993336796760559,0.000666326901409775
601,0.9994981288909912,0.0005018521333113313
602,0.9753954410552979,0.02460453286767006
603,0.9994392395019531,0.0005607585771940649
604,0.001414179801940918,0.9985858201980591
605,0.9988982081413269,0.0011017968645319343
606,0.9953023791313171,0.004697638563811779
607,0.999724805355072,0.0002751796564552933
608,0.9992872476577759,0.000712734938133508
609,0.01477205753326416,0.9852279424667358
610,0.999784529209137,0.00021547389042098075
611,0.9988078474998474,0.0011921711266040802
612,0.9994366765022278,0.0005633474211208522
613,0.9991806149482727,0.000819384993519634
614,0.007395803928375244,0.9926041960716248
615,0.9993473887443542,0.0006526187062263489
616,0.9989895224571228,0.0010105068795382977
617,0.9990018010139465,0.000998218427412212
618,0.553015410900116,0.44698458909988403
619,0.9980485439300537,0.001951428479515016
620,0.9879707098007202,0.012029290199279785
621,0.9995741844177246,0.00042580984882079065
622,0.9992966055870056,0.0007033813162706792
623,0.9985509514808655,0.0014490553876385093
624,0.0054375529289245605,0.9945624470710754
625,0.9978044629096985,0.002195532899349928
626,0.9994217753410339,0.0005782038788311183
627,0.9994966983795166,0.000503272982314229
628,0.99934321641922,0.0006568030221387744
629,0.9996823668479919,0.00031763233710080385
630,0.8712100982666016,0.12878993153572083
631,0.04746079444885254,0.9525392055511475
632,0.9994743466377258,0.0005256276926957071
633,0.9995812773704529,0.0004187074373476207
634,0.9993495345115662,0.0006504593184217811
635,0.9988070726394653,0.001192944124341011
636,0.9993144869804382,0.0006855256506241858
637,0.999264657497406,0.0007353562396019697
638,0.9985212683677673,0.0014787220861762762
639,0.9815933704376221,0.018406638875603676
640,0.45587217807769775,0.5441278219223022
641,0.9994568228721619,0.000543204543646425
642,0.004470407962799072,0.9955295920372009
643,0.9984395503997803,0.0015604448271915317
644,0.9986950755119324,0.001304913661442697
645,0.9995478987693787,0.0004520824586506933
646,0.9986472725868225,0.0013527205446735024
647,0.9977202415466309,0.0022797328419983387
648,0.9956778883934021,0.0043221283704042435
649,0.9974359273910522,0.0025640809908509254
650,0.9982346296310425,0.0017653628019616008
651,0.9993826746940613,0.0006172962603159249
652,0.9994462728500366,0.0005537053802981973
653,0.9992098808288574,0.0007901163189671934
654,0.045449793338775635,0.9545502066612244
655,0.9990931153297424,0.0009068698273040354
656,0.9991083145141602,0.0008917115046642721
657,0.9929472804069519,0.007052727043628693
658,0.9984976649284363,0.0015023248270154
659,0.9978330135345459,0.0021669671405106783
660,0.5039209127426147,0.49607908725738525
661,0.999422013759613,0.0005779835046269
662,0.9990535974502563,0.0009463983005844057
663,0.9988669157028198,0.0011330950073897839
664,0.9996923208236694,0.00030768997385166585
665,0.9869788289070129,0.013021182268857956
666,0.9030884504318237,0.09691157191991806
667,0.8620169758796692,0.137983039021492
668,0.9648669958114624,0.03513298183679581
669,0.9406259059906006,0.05937408283352852
670,0.9984601736068726,0.0015398324467241764
671,0.99526447057724,0.0047355107963085175
672,0.9995409250259399,0.0004590568714775145
673,0.9991713166236877,0.0008287110249511898
674,0.9814707636833191,0.018529221415519714
675,0.14994817972183228,0.8500518202781677
676,0.9993793964385986,0.0006206083344295621
677,0.9730536937713623,0.0269462913274765
678,0.9993330836296082,0.0006669304566457868
679,0.004950106143951416,0.9950498938560486
680,0.9928624629974365,0.007137563079595566
681,0.9865736961364746,0.013426315039396286
682,0.008286833763122559,0.9917131662368774
683,0.9991296529769897,0.0008703263592906296
684,0.997195839881897,0.002804163843393326
685,0.011250019073486328,0.9887499809265137
686,0.9974578619003296,0.002542124129831791
687,0.9996830821037292,0.00031694021890871227
688,0.9924960136413574,0.00750395841896534
689,0.7063871026039124,0.29361289739608765
690,0.9981534481048584,0.0018465644679963589
691,0.9933509826660156,0.006649006623774767
692,0.9887484312057495,0.011251566000282764
693,0.997678279876709,0.002321711741387844
694,0.9725887179374695,0.027411306276917458
695,0.9866823554039001,0.013317671604454517
696,0.9994747638702393,0.0005252397968433797
697,0.9959109425544739,0.004089029040187597
698,0.9985508322715759,0.0014491451438516378
699,0.998835027217865,0.0011649543885141611
700,0.9850977063179016,0.014902274124324322
701,0.9986836314201355,0.0013163872063159943
702,0.9913811087608337,0.008618871681392193
703,0.998848021030426,0.0011519875843077898
704,0.8183220028877258,0.18167798221111298
705,0.9991165995597839,0.0008833803003653884
706,0.9995493292808533,0.00045064600999467075
707,0.9406768083572388,0.05932317301630974
708,0.8871419429779053,0.11285804957151413
709,0.99704509973526,0.002954886294901371
710,0.007429301738739014,0.992570698261261
711,0.9983233213424683,0.001676657353527844
712,0.9980149269104004,0.0019850621465593576
713,0.9906486868858337,0.009351295419037342
714,0.9993434548377991,0.0006565733347088099
715,0.02306044101715088,0.9769395589828491
716,0.9750434160232544,0.02495659701526165
717,0.9946122765541077,0.0053876969031989574
718,0.9992556571960449,0.0007443693466484547
719,0.9975999593734741,0.0024000657722353935
720,0.9461427330970764,0.05385728180408478
721,0.9914885759353638,0.008511427789926529
722,0.9926088452339172,0.0073911696672439575
723,0.9992737770080566,0.0007261971477419138
724,0.996694028377533,0.0033059429842978716
725,0.46165549755096436,0.5383445024490356
726,0.9990956783294678,0.0009043506579473615
727,0.03180736303329468,0.9681926369667053
728,0.996595561504364,0.0034044580534100533
729,0.9990583658218384,0.0009416132816113532
730,0.840059757232666,0.15994027256965637
731,0.9966511130332947,0.0033489142078906298
732,0.998559296131134,0.001440711785107851
733,0.9960160851478577,0.003983889240771532
734,0.9989733695983887,0.0010266550816595554
735,0.998388946056366,0.0016110313590615988
736,0.9993050694465637,0.0006949601811356843
737,0.9965991377830505,0.003400881076231599
738,0.5096203088760376,0.4903797209262848
739,0.9440449476242065,0.055955059826374054
740,0.9983717799186707,0.001628191559575498
741,0.582823634147644,0.41717639565467834
742,0.0032503604888916016,0.9967496395111084
743,0.9984571933746338,0.0015427910257130861
744,0.31683337688446045,0.6831666231155396
745,0.991486132144928,0.008513854816555977
746,0.9950737357139587,0.004926247056573629
747,0.994032084941864,0.005967922043055296
748,0.9988783597946167,0.0011216341517865658
749,0.9994245767593384,0.0005754274898208678
750,0.9992416501045227,0.0007583241676911712
751,0.9994415640830994,0.0005584187456406653
752,0.9994247555732727,0.0005752150318585336
753,0.04234594106674194,0.9576540589332581
754,0.7465330362319946,0.253466933965683
755,0.9885912537574768,0.011408735066652298
756,0.9806855320930481,0.019314466044306755
757,0.996469259262085,0.0035307370126247406
758,0.9773097038269043,0.022690322250127792
759,0.9992961287498474,0.0007038520416244864
760,0.9993041753768921,0.0006958243320696056
761,0.9872385859489441,0.012761416845023632
762,0.9995543360710144,0.00044564410927705467
763,0.8841469883918762,0.11585302650928497
764,0.9994915127754211,0.0005084581207484007
765,0.9925137162208557,0.007486265152692795
766,0.9996175765991211,0.00038240893627516925
767,0.9950897097587585,0.004910305608063936
768,0.9993882775306702,0.0006116998847573996
769,0.9995182156562805,0.00048175806296058
770,0.9965966939926147,0.0034032915718853474
771,0.9990749359130859,0.000925092666875571
772,0.9993178248405457,0.0006821910501457751
773,0.9998036026954651,0.00019642073311842978
774,0.9906134605407715,0.009386527352035046
775,0.9973814487457275,0.0026185414753854275
776,0.013192594051361084,0.9868074059486389
777,0.971610426902771,0.02838956005871296
778,0.9783090949058533,0.021690912544727325
779,0.19014543294906616,0.8098545670509338
780,0.2250940203666687,0.7749059796333313
781,0.9954503178596497,0.00454971008002758
782,0.9987807273864746,0.0012192990398034453
783,0.833286464214325,0.16671353578567505
784,0.9605953693389893,0.03940463438630104
785,0.9951845407485962,0.004815432708710432
786,0.9972541928291321,0.0027457920368760824
787,0.9992903470993042,0.000709646730683744
788,0.9948511719703674,0.005148845259100199
789,0.9984347224235535,0.0015652679139748216
790,0.006069183349609375,0.9939308166503906
791,0.0034123659133911133,0.9965876340866089
792,0.9982598423957825,0.001740140258334577
793,0.9995949864387512,0.0004050243878737092
794,0.9946599006652832,0.005340078845620155
795,0.9986017942428589,0.0013981993542984128
796,0.9927082061767578,0.007291796617209911
797,0.10711759328842163,0.8928824067115784
798,0.5107766389846802,0.48922333121299744
799,0.9995121955871582,0.0004878168983850628
800,0.9960466027259827,0.003953394014388323
801,0.999031662940979,0.0009683357202447951
802,0.991162896156311,0.008837120607495308
803,0.9940404891967773,0.0059595233760774136
804,0.99956214427948,0.0004378756566438824
805,0.9852246642112732,0.014775353483855724
806,0.9994667768478394,0.0005332232685759664
807,0.9863141179084778,0.01368587277829647
808,0.021258294582366943,0.9787417054176331
809,0.996826708316803,0.003173316363245249
810,0.9622987508773804,0.03770124167203903
811,0.9948399066925049,0.005160112399607897
812,0.9993607401847839,0.000639264821074903
813,0.9962954521179199,0.003704564645886421
814,0.9977068305015564,0.0022931427229195833
815,0.9989564418792725,0.0010435465956106782
816,0.9984917640686035,0.0015082511818036437
817,0.9661155343055725,0.03388446569442749
818,0.9947925806045532,0.00520744826644659
819,0.9832778573036194,0.016722163185477257
820,0.9988191723823547,0.0011808009585365653
821,0.007763803005218506,0.9922361969947815
822,0.9881269931793213,0.011873035691678524
823,0.9967332482337952,0.0032667615450918674
824,0.9994680285453796,0.0005319698830135167
825,0.9968851208686829,0.0031148616690188646
826,0.9991980791091919,0.0008019495289772749
827,0.9683637619018555,0.031636256724596024
828,0.9969946146011353,0.003005378879606724
829,0.9995028376579285,0.0004971689195372164
830,0.9996997117996216,0.0003002863668370992
831,0.9995356202125549,0.0004644040309358388
832,0.9920349717140198,0.00796500127762556
833,0.9632955193519592,0.036704473197460175
834,0.9967783093452454,0.003221712540835142
835,0.9231671094894409,0.07683289051055908
836,0.9988201260566711,0.0011798605555668473
837,0.9980930089950562,0.0019069904228672385
838,0.9968259930610657,0.0031739906407892704
839,0.016929984092712402,0.9830700159072876
840,0.999629557132721,0.0003704566915985197
841,0.999127209186554,0.0008728044340386987
842,0.9989842772483826,0.001015748013742268
843,0.9992605447769165,0.0007394651183858514
844,0.9991368055343628,0.0008631742675788701
845,0.9914975762367249,0.00850242655724287
846,0.9992406368255615,0.0007593441405333579
847,0.999365508556366,0.0006345041911117733
848,0.9748286604881287,0.02517133578658104
849,0.9988500475883484,0.001149927033111453
850,0.999462366104126,0.0005376195767894387
851,0.989424467086792,0.010575536638498306
852,0.13565725088119507,0.8643427491188049
853,0.994118869304657,0.0058811078779399395
854,0.006937086582183838,0.9930629134178162
855,0.9992482662200928,0.0007517592748627067
856,0.999113917350769,0.0008861036621965468
857,0.9989864826202393,0.0010134957265108824
858,0.9987066984176636,0.0012933224206790328
859,0.9720561504364014,0.027943868190050125
860,0.958832323551178,0.04116770252585411
861,0.9989320635795593,0.0010679205879569054
862,0.9935212731361389,0.006478747818619013
863,0.9990460872650146,0.0009539002785459161
864,0.004024207592010498,0.9959757924079895
865,0.9986388683319092,0.0013611322501674294
866,0.9987744092941284,0.0012255627661943436
867,0.12924176454544067,0.8707582354545593
868,0.0687417984008789,0.9312582015991211
869,0.9996303915977478,0.0003696373605635017
870,0.11663490533828735,0.8833650946617126
871,0.13647305965423584,0.8635269403457642
872,0.9767179489135742,0.02328203245997429
873,0.9989235997200012,0.0010763868922367692
874,0.9993672966957092,0.0006326917209662497
875,0.005287110805511475,0.9947128891944885
876,0.9979780912399292,0.002021889667958021
877,0.9985358715057373,0.0014641148736700416
878,0.10970789194107056,0.8902921080589294
879,0.9989892244338989,0.0010107995476573706
880,0.9985064268112183,0.0014935993822291493
881,0.9987391829490662,0.0012608447577804327
882,0.998986542224884,0.0010134484618902206
883,0.9961127042770386,0.0038873006124049425
884,0.897517204284668,0.10248277336359024
885,0.9991092681884766,0.0008907060837373137
886,0.9989861249923706,0.0010138534707948565
887,0.9991519451141357,0.0008480496471747756
888,0.9962967038154602,0.003703322261571884
889,0.9907056093215942,0.009294364601373672
890,0.9993106722831726,0.000689350999891758
891,0.9983804225921631,0.0016195849748328328
892,0.9986568689346313,0.0013431310653686523
893,0.9987233281135559,0.001276663737371564
894,0.9996935129165649,0.00030646094819530845
895,0.9995259046554565,0.00047412290587089956
896,0.9922580122947693,0.007742001209408045
897,0.9979640245437622,0.0020359742920845747
898,0.9446250200271606,0.055374979972839355
899,0.9993740916252136,0.0006259024376049638
900,0.7356144785881042,0.26438552141189575
901,0.019569873809814453,0.9804301261901855
902,0.9991053342819214,0.0008946407469920814
903,0.9980598092079163,0.0019401928875595331
904,0.9983184337615967,0.001681594760157168
905,0.9954721927642822,0.004527782555669546
906,0.9991851449012756,0.0008148273918777704
907,0.999549388885498,0.00045063247671350837
908,0.9993794560432434,0.0006205157842487097
909,0.9878537654876709,0.01214622613042593
910,0.9883431792259216,0.011656822636723518
911,0.9993075132369995,0.0006924733752384782
912,0.9985966086387634,0.0014033900806680322
913,0.002731800079345703,0.9972681999206543
914,0.9944628477096558,0.0055371676571667194
915,0.6800426840782166,0.31995731592178345
916,0.004427671432495117,0.9955723285675049
917,0.9937440156936646,0.006255983840674162
918,0.03350567817687988,0.9664943218231201
919,0.8799952864646912,0.12000472843647003
920,0.02324014902114868,0.9767598509788513
921,0.9929639101028442,0.007036103401333094
922,0.0016548633575439453,0.998345136642456
923,0.9996503591537476,0.000349630689015612
924,0.07407331466674805,0.925926685333252
925,0.9970042109489441,0.0029957955703139305
926,0.9953444004058838,0.004655618220567703
927,0.9986850619316101,0.0013149582082405686
928,0.9947975873947144,0.005202421452850103
929,0.9996752738952637,0.0003247183922212571
930,0.9991841912269592,0.0008157985284924507
931,0.907651424407959,0.09234856069087982
932,0.999435544013977,0.000564439280424267
933,0.9852692484855652,0.014730759896337986
934,0.009598314762115479,0.9904016852378845
935,0.20985263586044312,0.7901473641395569
936,0.9986545443534851,0.0013454662403091788
937,0.9992668628692627,0.0007331084343604743
938,0.9993119835853577,0.0006879914435558021
939,0.9993335008621216,0.0006664847023785114
940,0.9922407269477844,0.007759298663586378
941,0.997709333896637,0.002290639327839017
942,0.997567892074585,0.0024321088567376137
943,0.9832092523574829,0.016790740191936493
944,0.9820189476013184,0.017981046810746193
945,0.9985480904579163,0.0014519147807732224
946,0.9441541433334351,0.05584585294127464
947,0.9929853677749634,0.007014624308794737
948,0.9974148869514465,0.0025851314421743155
949,0.9979014992713928,0.0020985135342925787
950,0.9989840388298035,0.0010159322991967201
951,0.9974479079246521,0.00255211372859776
952,0.9761752486228943,0.023824768140912056
953,0.999413788318634,0.0005861879326403141
954,0.9974140524864197,0.0025859735906124115
955,0.9905447959899902,0.009455197490751743
956,0.9992873072624207,0.0007127077551558614
957,0.9957724213600159,0.004227588884532452
958,0.9997262954711914,0.00027370391762815416
959,0.9996408820152283,0.0003591174609027803
960,0.7563942670822144,0.24360573291778564
961,0.04755121469497681,0.9524487853050232
962,0.9995465278625488,0.00045344821410253644
963,0.9988256096839905,0.0011743848444893956
964,0.8626148104667664,0.13738517463207245
965,0.006266176700592041,0.993733823299408
966,0.011421442031860352,0.9885785579681396
967,0.016875267028808594,0.9831247329711914
968,0.9955167770385742,0.004483202006667852
969,0.9542560577392578,0.0457439161837101
970,0.9991815686225891,0.0008184294565580785
971,0.9995223879814148,0.00047758861910551786
972,0.9990577697753906,0.0009422078728675842
973,0.9986686110496521,0.0013313605450093746
974,0.9985814094543457,0.001418610569089651
975,0.1300848126411438,0.8699151873588562
976,0.9993140697479248,0.0006859422428533435
977,0.06111937761306763,0.9388806223869324
978,0.9697182774543762,0.030281726270914078
979,0.8650878667831421,0.1349121332168579
980,0.06039249897003174,0.9396075010299683
981,0.9994575381278992,0.0005424912669695914
982,0.7570869326591492,0.24291305243968964
983,0.9945516586303711,0.005448347423225641
984,0.9153529405593872,0.08464707434177399
985,0.999204158782959,0.0007958641508594155
986,0.8155663013458252,0.184433713555336
987,0.9580605030059814,0.04193951562047005
988,0.9561502933502197,0.04384968429803848
989,0.9994726181030273,0.0005274110590107739
990,0.9564609527587891,0.04353902116417885
991,0.9993494153022766,0.0006505647324956954
992,0.32687222957611084,0.6731277704238892
993,0.2366478443145752,0.7633521556854248
994,0.9601412415504456,0.03985876217484474
995,0.9995367527008057,0.0004632301861420274
996,0.9979920387268066,0.0020079901441931725
997,0.9993772506713867,0.000622773717623204
998,0.9991164803504944,0.0008835348417051136
999,0.9980499148368835,0.0019500850467011333
1000,0.9991392493247986,0.0008607726776972413
1001,0.9967201352119446,0.0032798375468701124
1002,0.9991735816001892,0.000826435920316726
1003,0.9959043860435486,0.004095607437193394
1004,0.999060869216919,0.0009391328785568476
1005,0.999216616153717,0.0007833697600290179
1006,0.12832701206207275,0.8716729879379272
1007,0.5960130095481873,0.40398699045181274
1008,0.9848562479019165,0.0151437446475029
1009,0.9972812533378601,0.0027187736704945564
1010,0.9967820644378662,0.0032179078552871943
1011,0.9991954565048218,0.0008045338909141719
1012,0.999279797077179,0.0007201815606094897
1013,0.9938746690750122,0.006125303450971842
1014,0.3425517678260803,0.6574482321739197
1015,0.9994513392448425,0.0005486549343913794
1016,0.998944878578186,0.0010551216546446085
1017,0.9948020577430725,0.005197971127927303
1018,0.9987635612487793,0.0012364266440272331
1019,0.9990103840827942,0.0009896316332742572
1020,0.9911550283432007,0.008844963274896145
1021,0.9990654587745667,0.000934523472096771
1022,0.9994849562644958,0.0005150405340828001
1023,0.9884830713272095,0.011516924016177654
1024,0.9925462007522583,0.007453796453773975
1025,0.9934763312339783,0.006523655261844397
1026,0.9995836019515991,0.0004163960402365774
1027,0.9990938305854797,0.0009061805321834981
1028,0.9996166825294495,0.0003833292576018721
1029,0.9992579817771912,0.0007420225883834064
1030,0.9969136118888855,0.003086377400904894
1031,0.9993554949760437,0.0006445180042646825
1032,0.9996010065078735,0.0003989679098594934
1033,0.998004138469696,0.0019958834163844585
1034,0.0641215443611145,0.9358784556388855
1035,0.7515761256217957,0.24842385947704315
1036,0.8441148400306702,0.15588517487049103
1037,0.9990682005882263,0.0009318100055679679
1038,0.07591664791107178,0.9240833520889282
1039,0.9787243008613586,0.021275727078318596
1040,0.9193568229675293,0.0806431844830513
1041,0.024264395236968994,0.975735604763031
1042,0.99809730052948,0.0019026797963306308
1043,0.9902717471122742,0.009728241711854935
1044,0.9992316961288452,0.0007683229632675648
1045,0.9968864917755127,0.003113485174253583
1046,0.9991651177406311,0.0008349092095158994
1047,0.008260130882263184,0.9917398691177368
1048,0.025663554668426514,0.9743364453315735
1049,0.2687119245529175,0.7312880754470825
1050,0.9986979365348816,0.0013020843034610152
1051,0.9940391778945923,0.0059608230367302895
1052,0.9983100891113281,0.0016899373149499297
1053,0.9997843503952026,0.00021567266958300024
1054,0.9994952082633972,0.0005047807935625315
1055,0.9996485114097595,0.00035150995245203376
1056,0.9988753199577332,0.001124700647778809
1057,0.9936604499816895,0.006339552812278271
1058,0.9991680383682251,0.0008319414919242263
1059,0.0018901824951171875,0.9981098175048828
1060,0.9995733499526978,0.0004266749310772866
1061,0.9316993951797485,0.06830062717199326
1062,0.9965072870254517,0.003492732299491763
1063,0.035543978214263916,0.9644560217857361
1064,0.9829356670379639,0.017064357176423073
1065,0.996925413608551,0.00307457335293293
1066,0.9989462494850159,0.0010537283960729837
1067,0.5967671275138855,0.4032328724861145
1068,0.9513702988624573,0.04862969368696213
1069,0.999552845954895,0.00044712485396303236
1070,0.9993958473205566,0.0006041338783688843
1071,0.9969902634620667,0.003009738167747855
1072,0.018243253231048584,0.9817567467689514
1073,0.3019755482673645,0.6980244517326355
1074,0.8736642599105835,0.12633571028709412
1075,0.7670937180519104,0.2329062819480896
1076,0.04205954074859619,0.9579404592514038
1077,0.9633277058601379,0.03667229413986206
1078,0.998582661151886,0.0014173518866300583
1079,0.6336253881454468,0.36637458205223083
1080,0.9984223246574402,0.001577646704390645
1081,0.3203694820404053,0.6796305179595947
1082,0.9973008036613464,0.002699215430766344
1083,0.9984856247901917,0.0015143941855058074
1084,0.9990638494491577,0.0009361262782476842
1085,0.9991292357444763,0.0008707729866728187
1086,0.022199153900146484,0.9778008460998535
1087,0.9986393451690674,0.001360629452392459
1088,0.9882354140281677,0.011764563620090485
1089,0.9995371699333191,0.0004628263122867793
1090,0.990024745464325,0.009975246153771877
1091,0.7904071807861328,0.20959283411502838
1092,0.9993110299110413,0.0006889641517773271
1093,0.9982567429542542,0.0017432691529393196
1094,0.9938449859619141,0.006155024748295546
1095,0.9997737407684326,0.0002262604102725163
1096,0.9985562562942505,0.0014437661739066243
1097,0.9989347457885742,0.0010652807541191578
1098,0.9982149004936218,0.0017850897274911404
1099,0.02411806583404541,0.9758819341659546
1100,0.002947211265563965,0.997052788734436
1101,0.06321072578430176,0.9367892742156982
1102,0.9958012104034424,0.004198803100734949
1103,0.26452237367630005,0.7354776263237
1104,0.9986401796340942,0.001359842368401587
1105,0.9923136830329895,0.007686337921768427
1106,0.9937811493873596,0.006218837574124336
1107,0.9965515732765198,0.0034484316129237413
1108,0.9863384366035461,0.013661582954227924
1109,0.9976952075958252,0.002304801717400551
1110,0.9972590208053589,0.002740969182923436
1111,0.9993337988853455,0.0006662145024165511
1112,0.9949826598167419,0.00501731364056468
1113,0.9994522333145142,0.0005477467784658074
1114,0.999445915222168,0.0005541130085475743
1115,0.09762459993362427,0.9023754000663757
1116,0.9995167851448059,0.00048323627561330795
1117,0.9952938556671143,0.004706122912466526
1118,0.9990310072898865,0.0009689937578514218
1119,0.9984325170516968,0.0015675036702305079
1120,0.9985879063606262,0.0014121076092123985
1121,0.6563900709152222,0.34360992908477783
1122,0.9822526574134827,0.01774732582271099
1123,0.0014995336532592773,0.9985004663467407
1124,0.3372146487236023,0.6627853512763977
1125,0.9993909597396851,0.0006090248352847993
1126,0.9984614849090576,0.0015385287115350366
1127,0.9820274114608765,0.01797260344028473
1128,0.9977787137031555,0.002221306087449193
1129,0.9994386434555054,0.0005613430985249579
1130,0.7574330568313599,0.24256691336631775
1131,0.9833685159683228,0.01663149520754814
1132,0.9957403540611267,0.004259664565324783
1133,0.915508508682251,0.08449146151542664
1134,0.9958361983299255,0.004163815639913082
1135,0.9976441264152527,0.002355854958295822
1136,0.9985852241516113,0.0014147545443847775
1137,0.9990382790565491,0.0009617217583581805
1138,0.9994202256202698,0.0005797578487545252
1139,0.9988641142845154,0.0011358800111338496
1140,0.9992619752883911,0.0007380437455140054
1141,0.5597727298736572,0.44022729992866516
1142,0.04397064447402954,0.9560293555259705
1143,0.9988975524902344,0.0011024504201486707
1144,0.9994796514511108,0.0005203709006309509
1145,0.024893999099731445,0.9751060009002686
1146,0.7683300971984863,0.23166990280151367
1147,0.9988629817962646,0.001137042185291648
1148,0.9995198845863342,0.0004801207687705755
1149,0.9978129863739014,0.0021870252676308155
1150,0.41167086362838745,0.5883291363716125
1151,0.01721334457397461,0.9827866554260254
1152,0.9985901713371277,0.0014098455430939794
1153,0.995381236076355,0.004618742037564516
1154,0.9992163181304932,0.000783702009357512
1155,0.995994508266449,0.0040054926648736
1156,0.9996337890625,0.0003662362287286669
1157,0.9981802701950073,0.0018197456374764442
1158,0.9981978535652161,0.0018021633150056005
1159,0.007588863372802734,0.9924111366271973
1160,0.9987843036651611,0.001215688418596983
1161,0.11215013265609741,0.8878498673439026
1162,0.46258270740509033,0.5374172925949097
1163,0.0063225626945495605,0.9936774373054504
1164,0.977747917175293,0.022252075374126434
1165,0.9980462193489075,0.001953784143552184
1166,0.9988484382629395,0.0011515844380483031
1167,0.9937554001808167,0.006244575139135122
1168,0.7691472768783569,0.23085269331932068
1169,0.5071674585342407,0.4928325414657593
1170,0.03480881452560425,0.9651911854743958
1171,0.9909469485282898,0.009053056128323078
1172,0.9957687258720398,0.0042312657460570335
1173,0.9963297843933105,0.0036702135112136602
1174,0.002000272274017334,0.9979997277259827
1175,0.9987501502037048,0.0012498373398557305
1176,0.970653235912323,0.029346778988838196
1177,0.9992890954017639,0.0007109199650585651
1178,0.9962874054908752,0.0037125807721167803
1179,0.9993919134140015,0.0006081081228330731
1180,0.9605748057365417,0.03942517936229706
1181,0.9992879033088684,0.0007121164235286415
1182,0.043266117572784424,0.9567338824272156
1183,0.013558924198150635,0.9864410758018494
1184,0.9983417987823486,0.0016581772360950708
1185,0.9547007083892822,0.045299261808395386
1186,0.9987901449203491,0.00120985705871135
1187,0.9499642848968506,0.050035711377859116
1188,0.9991663694381714,0.0008336388855241239
1189,0.9995167851448059,0.0004832125559914857
1190,0.9985768795013428,0.0014231116510927677
1191,0.9992653727531433,0.0007346397615037858
1192,0.9993886351585388,0.0006113435374572873
1193,0.9985398650169373,0.0014601453440263867
1194,0.9992027282714844,0.0007972847670316696
1195,0.5998042225837708,0.40019577741622925
1196,0.9960353374481201,0.003964677918702364
1197,0.995818555355072,0.004181457683444023
1198,0.009299933910369873,0.9907000660896301
1199,0.9991031885147095,0.0008967983303591609
1200,0.002835094928741455,0.9971649050712585
1201,0.9981081485748291,0.0018918539863079786
1202,0.9886766076087952,0.011323406361043453
1203,0.9717600345611572,0.028239961713552475
1204,0.9972684979438782,0.002731495536863804
1205,0.983241856098175,0.01675812527537346
1206,0.9808951020240784,0.01910487376153469
1207,0.9994747042655945,0.0005252763512544334
1208,0.30543673038482666,0.6945632696151733
1209,0.027074217796325684,0.9729257822036743
1210,0.9729991555213928,0.027000851929187775
1211,0.99956214427948,0.00043787420145235956
1212,0.9909170866012573,0.009082887321710587
1213,0.9995037913322449,0.0004962277016602457
1214,0.9936423301696777,0.006357681471854448
1215,0.9741377234458923,0.025862282142043114
1216,0.9994536638259888,0.0005463298875838518
1217,0.9450980424880981,0.05490196496248245
1218,0.0072716474533081055,0.9927283525466919
1219,0.999660313129425,0.0003396704269107431
1220,0.9943260550498962,0.0056739444844424725
1221,0.9997046589851379,0.0002953691000584513
1222,0.9989683032035828,0.0010317256674170494
1223,0.02982616424560547,0.9701738357543945
1224,0.9986813068389893,0.001318717491813004
1225,0.9994946122169495,0.0005053652566857636
1226,0.9980539083480835,0.0019460937473922968
1227,0.08160096406936646,0.9183990359306335
1228,0.9961802959442139,0.00381969241425395
1229,0.9869415760040283,0.013058433309197426
1230,0.9896737337112427,0.010326295159757137
1231,0.9971315860748291,0.0028684076387435198
1232,0.9984052777290344,0.0015947227366268635
1233,0.9975941777229309,0.0024058313574641943
1234,0.9993319511413574,0.000668063759803772
1235,0.9988089799880981,0.0011910292087122798
1236,0.999035120010376,0.0009649014682509005
1237,0.9969740509986877,0.0030259585473686457
1238,0.9943518042564392,0.005648209247738123
1239,0.9993908405303955,0.0006091618561185896
1240,0.9948994517326355,0.005100568290799856
1241,0.03209120035171509,0.9679087996482849
1242,0.49738556146621704,0.502614438533783
1243,0.9853288531303406,0.014671132899820805
1244,0.9991108179092407,0.0008891772013157606
1245,0.9982532262802124,0.0017467528814449906
1246,0.992399275302887,0.007600720971822739
1247,0.05261343717575073,0.9473865628242493
1248,0.9964690804481506,0.0035309400409460068
1249,0.9983305335044861,0.0016694932710379362
1250,0.8732467889785767,0.12675319612026215
1251,0.9975206255912781,0.0024793713819235563
1252,0.9936753511428833,0.006324640940874815
1253,0.9984830617904663,0.0015169602120295167
1254,0.9996486902236938,0.0003513148403726518
1255,0.9976671934127808,0.0023328030947595835
1256,0.9968934059143066,0.0031066033989191055
1257,0.9974572658538818,0.00254273833706975
1258,0.998397171497345,0.0016028534155339003
1259,0.9976125955581665,0.002387423999607563
1260,0.9968359470367432,0.0031640292145311832
1261,0.9992794394493103,0.0007205824949778616
1262,0.7810986042022705,0.2189013957977295
1263,0.9984686374664307,0.001531362533569336
1264,0.04956197738647461,0.9504380226135254
1265,0.006135284900665283,0.9938647150993347
1266,0.998843252658844,0.0011567556066438556
1267,0.1282496452331543,0.8717503547668457
1268,0.011469125747680664,0.9885308742523193
1269,0.995230495929718,0.004769515246152878
1270,0.9990788102149963,0.0009212045115418732
1271,0.9881353974342346,0.011864581145346165
1272,0.4979214072227478,0.5020785927772522
1273,0.9993534088134766,0.0006465769256465137
1274,0.999415934085846,0.0005840793019160628
1275,0.9952890872955322,0.004710931796580553
1276,0.9991143941879272,0.0008856293861754239
1277,0.9992982149124146,0.0007017733878456056
1278,0.9993826150894165,0.0006173706497065723
1279,0.999230146408081,0.0007698433473706245
1280,0.9991837739944458,0.0008162152371369302
1281,0.7849573493003845,0.21504265069961548
1282,0.997734010219574,0.0022660044487565756
1283,0.9976813793182373,0.0023186367470771074
1284,0.987646758556366,0.012353245168924332
1285,0.9993844032287598,0.0006155783776193857
1286,0.9989015460014343,0.001098479377105832
1287,0.9968993067741394,0.0031006725039333105
1288,0.9701079726219177,0.029892001301050186
1289,0.9978160262107849,0.0021839712280780077
1290,0.9064123630523682,0.09358763694763184
1291,0.9990185499191284,0.0009814733639359474
1292,0.9616361260414124,0.03836384788155556
1293,0.9997676014900208,0.00023238861467689276
1294,0.9977701902389526,0.00222981721162796
1295,0.9980095624923706,0.0019904475193470716
1296,0.9914184808731079,0.00858151726424694
1297,0.010028600692749023,0.989971399307251
1298,0.007530152797698975,0.992469847202301
1299,0.9770689606666565,0.022931037470698357
1300,0.9109910130500793,0.08900897204875946
1301,0.9993931651115417,0.0006068552029319108
1302,0.015998244285583496,0.9840017557144165
1303,0.999433696269989,0.0005663132760673761
1304,0.9823775887489319,0.01762242615222931
1305,0.7675891518592834,0.23241086304187775
1306,0.9987768530845642,0.0012231761356815696
1307,0.9951813220977783,0.0048186988569796085
1308,0.02211451530456543,0.9778854846954346
1309,0.9984099268913269,0.0015900884754955769
1310,0.9991782903671265,0.0008217271533794701
1311,0.9967389106750488,0.003261065110564232
1312,0.997380256652832,0.002619729842990637
1313,0.9963634014129639,0.00363660859875381
1314,0.9966381788253784,0.0033618255984038115
1315,0.9508931040763855,0.049106892198324203
1316,0.9964178800582886,0.00358211318962276
1317,0.05903977155685425,0.9409602284431458
1318,0.9979617595672607,0.002038250444456935
1319,0.9985364675521851,0.0014635587576776743
1320,0.9960978031158447,0.003902203869074583
1321,0.9868903756141663,0.013109618797898293
1322,0.02385246753692627,0.9761475324630737
1323,0.9997076392173767,0.00029235371039249003
1324,0.9994072914123535,0.0005927051533944905
1325,0.9990622997283936,0.0009377116803079844
1326,0.9927579164505005,0.007242055144160986
1327,0.9985766410827637,0.00142337114084512
1328,0.9989705085754395,0.0010294958483427763
1329,0.9885536432266235,0.011446334421634674
1330,0.9993486404418945,0.0006513752741739154
1331,0.9995214343070984,0.0004785676719620824
1332,0.06813186407089233,0.9318681359291077
1333,0.9977647662162781,0.0022352300584316254
1334,0.9956141710281372,0.004385835491120815
1335,0.9989414811134338,0.0010584973497316241
1336,0.445013165473938,0.554986834526062
1337,0.9995967745780945,0.00040320339030586183
1338,0.9995061159133911,0.0004938586498610675
1339,0.8889086842536926,0.11109133809804916
1340,0.9942952394485474,0.005704781971871853
1341,0.9151999950408936,0.08479998260736465
1342,0.9995443820953369,0.00045559657155536115
1343,0.9968868494033813,0.0031131610739976168
1344,0.9986704587936401,0.0013295466778799891
1345,0.9973368048667908,0.002663195366039872
1346,0.9976623058319092,0.00233767693862319
1347,0.9780839681625366,0.02191600389778614
1348,0.9243019819259644,0.07569803297519684
1349,0.9988408088684082,0.0011592076625674963
1350,0.0024127960205078125,0.9975872039794922
1351,0.04103648662567139,0.9589635133743286
1352,0.9989792108535767,0.0010208162711933255
1353,0.8643087148666382,0.135691300034523
1354,0.013624370098114014,0.986375629901886
1355,0.9996170401573181,0.0003829429915640503
1356,0.9596330523490906,0.04036695137619972
1357,0.999039351940155,0.0009606370003893971
1358,0.9903656244277954,0.009634366258978844
1359,0.9132522344589233,0.08674778789281845
1360,0.9974949359893799,0.002505068900063634
1361,0.08400547504425049,0.9159945249557495
1362,0.9997219443321228,0.00027806570869870484
1363,0.9995404481887817,0.00045954392408020794
1364,0.03741896152496338,0.9625810384750366
1365,0.005591869354248047,0.994408130645752
1366,0.9989767074584961,0.0010232793865725398
1367,0.9991257786750793,0.0008742093341425061
1368,0.9890508055686951,0.010949218645691872
1369,0.9983826279640198,0.0016173426993191242
1370,0.02812778949737549,0.9718722105026245
1371,0.9959700107574463,0.004029975738376379
1372,0.9950261116027832,0.004973878152668476
1373,0.9992337226867676,0.0007662661955691874
1374,0.9989524483680725,0.0010475667659193277
1375,0.018004417419433594,0.9819955825805664
1376,0.9996036291122437,0.00039638488669879735
1377,0.07443863153457642,0.9255613684654236
1378,0.9982523322105408,0.0017476493958383799
1379,0.9953159093856812,0.0046840873546898365
1380,0.9993509650230408,0.000649036024697125
1381,0.9973229765892029,0.0026770157273858786
1382,0.9986646771430969,0.0013353194808587432
1383,0.9992100596427917,0.0007899269694462419
1384,0.9962130188941956,0.003786969929933548
1385,0.9873443841934204,0.012655645608901978
1386,0.006168723106384277,0.9938312768936157
1387,0.9837613701820374,0.016238650307059288
1388,0.9988064765930176,0.0011935299262404442
1389,0.9994487166404724,0.0005512782954610884
1390,0.987859308719635,0.012140666134655476
1391,0.9986415505409241,0.0013584683183580637
1392,0.9993736743927002,0.0006263440009206533
1393,0.6891405582427979,0.31085941195487976
1394,0.9879887104034424,0.012011265382170677
1395,0.9993389248847961,0.0006610844866372645
1396,0.02283632755279541,0.9771636724472046
1397,0.999299168586731,0.0007008350221440196
1398,0.9947861433029175,0.005213850177824497
1399,0.9990992546081543,0.0009007406188175082
1400,0.9992610812187195,0.0007389417150989175
1401,0.9978632926940918,0.0021366970613598824
1402,0.9995149374008179,0.0004850885597988963
1403,0.9936513900756836,0.006348581984639168
1404,0.9989317059516907,0.001068285433575511
1405,0.99787837266922,0.0021216310560703278
1406,0.9479907751083374,0.05200923979282379
1407,0.5298640131950378,0.47013598680496216
1408,0.999337911605835,0.0006621169159188867
1409,0.9985125660896301,0.001487410394474864
1410,0.8363803625106812,0.16361965239048004
1411,0.08588534593582153,0.9141146540641785
1412,0.014697790145874023,0.985302209854126
1413,0.999293327331543,0.0007066981634125113
1414,0.06514149904251099,0.934858500957489
1415,0.6690748929977417,0.3309250771999359
1416,0.9986217617988586,0.001378264743834734
1417,0.0055024027824401855,0.9944975972175598
1418,0.998859167098999,0.001140809035860002
1419,0.9995695352554321,0.00043047851067967713
1420,0.9799517393112183,0.02004826068878174
1421,0.999656617641449,0.00034338183468207717
1422,0.999146580696106,0.000853423320222646
1423,0.9252839088439941,0.07471606135368347
1424,0.11664384603500366,0.8833561539649963
1425,0.9974948763847351,0.0025051201228052378
1426,0.008379459381103516,0.9916205406188965
1427,0.013604164123535156,0.9863958358764648
1428,0.999587893486023,0.0004121208330616355
1429,0.0035316944122314453,0.9964683055877686
1430,0.9978936910629272,0.0021063105668872595
1431,0.9985673427581787,0.0014326649252325296
1432,0.997201681137085,0.0027983365580439568
1433,0.9994991421699524,0.0005008624284528196
1434,0.9885548949241638,0.01144512090831995
1435,0.9545427560806274,0.045457251369953156
1436,0.9902896881103516,0.009710286743938923
1437,0.9983547925949097,0.001645226264372468
1438,0.999666154384613,0.00033384800190106034
1439,0.9995432496070862,0.0004567622090689838
1440,0.18734955787658691,0.8126504421234131
1441,0.999066948890686,0.0009330399334430695
1442,0.9972838759422302,0.0027161180041730404
1443,0.08627903461456299,0.913720965385437
1444,0.9990279078483582,0.0009720672969706357
1445,0.9956430196762085,0.004357002675533295
1446,0.998532772064209,0.0014672420220449567
1447,0.9983484745025635,0.0016515408642590046
1448,0.9993715882301331,0.000628414039965719
1449,0.04358595609664917,0.9564140439033508
1450,0.9979423880577087,0.0020576154347509146
1451,0.8632720708847046,0.1367279291152954
1452,0.27338147163391113,0.7266185283660889
1453,0.9997601509094238,0.0002398246870143339
1454,0.995867133140564,0.004132892470806837
1455,0.15891289710998535,0.8410871028900146
1456,0.9965431690216064,0.0034568533301353455
1457,0.9971557259559631,0.002844299655407667
1458,0.9994781613349915,0.0005218369769863784
1459,0.999424159526825,0.000575852463953197
1460,0.9988735318183899,0.0011264494387432933
1461,0.9923609495162964,0.007639078889042139
1462,0.9978352189064026,0.002164786448702216
1463,0.041696012020111084,0.9583039879798889
1464,0.9994570016860962,0.0005429707816801965
1465,0.999267578125,0.0007324244943447411
1466,0.9989846348762512,0.0010153662879019976
1467,0.9978231191635132,0.0021768524311482906
1468,0.2035285234451294,0.7964714765548706
1469,0.9963678121566772,0.0036321901716291904
1470,0.9993294477462769,0.0006705789128318429
1471,0.008100032806396484,0.9918999671936035
1472,0.9987508058547974,0.0012492029927670956
1473,0.999300479888916,0.0006995074800215662
1474,0.9985560178756714,0.001443962100893259
1475,0.999626636505127,0.000373341201338917
1476,0.9900927543640137,0.009907245635986328
1477,0.9715996980667114,0.028400300070643425
1478,0.9984937906265259,0.001506208092905581
1479,0.9970912933349609,0.0029087176080793142
1480,0.999464213848114,0.0005357859190553427
1481,0.9988386631011963,0.0011613656533882022
1482,0.9989088177680969,0.0010911849094554782
1483,0.999539315700531,0.00046065618516877294
1484,0.9995529055595398,0.00044711504597216845
1485,0.9530155658721924,0.04698440805077553
1486,0.9988241195678711,0.0011758735636249185
1487,0.9955260157585144,0.00447395583614707
1488,0.9415860772132874,0.058413900434970856
1489,0.9996108412742615,0.00038914824835956097
1490,0.9356048107147217,0.06439521163702011
1491,0.9892768859863281,0.010723106563091278
1492,0.9959790110588074,0.004020967520773411
1493,0.9993005394935608,0.0006994731375016272
1494,0.9597815871238708,0.04021843895316124
1495,0.23679566383361816,0.7632043361663818
1496,0.8354612588882446,0.16453871130943298
1497,0.9445152282714844,0.05548475682735443
1498,0.9938057661056519,0.006194237619638443
1499,0.9993225336074829,0.000677482457831502
1500,0.9992392659187317,0.0007607420557178557
1501,0.999031662940979,0.0009683468379080296
1502,0.4562526345252991,0.5437473654747009
1503,0.9989056587219238,0.0010943516390398145
1504,0.9895536303520203,0.010446358472108841
1505,0.9990304112434387,0.000969572807662189
1506,0.7779486179351807,0.22205139696598053
1507,0.9548178315162659,0.04518219456076622
1508,0.608578085899353,0.3914218842983246
1509,0.9989134669303894,0.0010865130461752415
1510,0.556937575340271,0.4430624544620514
1511,0.9951266646385193,0.004873345140367746
1512,0.014573097229003906,0.9854269027709961
1513,0.7800040245056152,0.21999599039554596
1514,0.9906496405601501,0.00935033243149519
1515,0.9846389889717102,0.015360984951257706
1516,0.9992753863334656,0.0007245912565849721
1517,0.9941418766975403,0.0058581167832016945
1518,0.0430946946144104,0.9569053053855896
1519,0.9995097517967224,0.0004902523360215127
1520,0.9881868362426758,0.011813148856163025
1521,0.9976494908332825,0.0023504996206611395
1522,0.1238202452659607,0.8761797547340393
1523,0.9986042380332947,0.0013957407791167498
1524,0.9804461002349854,0.01955391652882099
1525,0.9961526989936829,0.0038473180029541254
1526,0.990975022315979,0.009024947881698608
1527,0.9980445504188538,0.001955441664904356
1528,0.9975083470344543,0.002491673920303583
1529,0.9907074570655823,0.00929251592606306
1530,0.9994238615036011,0.0005761439679190516
1531,0.9984612464904785,0.0015387601451948285
1532,0.9153236746788025,0.0846763476729393
1533,0.9992439150810242,0.0007560757803730667
1534,0.004499852657318115,0.9955001473426819
1535,0.9984984993934631,0.0015015003737062216
1536,0.999304473400116,0.0006955260178074241
1537,0.9993200898170471,0.0006799397524446249
1538,0.9977346658706665,0.002265338320285082
1539,0.9902739524841309,0.00972607359290123
1540,0.9921101331710815,0.007889867760241032
1541,0.9992552995681763,0.0007447237730957568
1542,0.9977049231529236,0.0022950484417378902
1543,0.9866737127304077,0.013326302170753479
1544,0.973214864730835,0.02678513713181019
1545,0.9979149103164673,0.002085113897919655
1546,0.986826479434967,0.013173536397516727
1547,0.09814006090164185,0.9018599390983582
1548,0.05763310194015503,0.942366898059845
1549,0.04035753011703491,0.9596424698829651
1550,0.9993082284927368,0.0006917488062754273
1551,0.999081015586853,0.0009189878473989666
1552,0.999293863773346,0.0007061437936499715
1553,0.9989148378372192,0.00108516460750252
1554,0.9986469149589539,0.0013531084405258298
1555,0.01369476318359375,0.9863052368164062
1556,0.9989441633224487,0.0010558627545833588
1557,0.9994504451751709,0.0005495805526152253
1558,0.9957689046859741,0.004231109283864498
1559,0.9976100921630859,0.0023898999206721783
1560,0.9789096713066101,0.02109033800661564
1561,0.9976905584335327,0.002309422707185149
1562,0.9994498491287231,0.0005501376581378281
1563,0.9869035482406616,0.013096459209918976
1564,0.011130094528198242,0.9888699054718018
1565,0.9983516931533813,0.0016482890350744128
1566,0.015871167182922363,0.9841288328170776
1567,0.9910011291503906,0.008998856879770756
1568,0.9953343272209167,0.004665665328502655
1569,0.992584764957428,0.0074152457527816296
1570,0.9876607656478882,0.012339225970208645
1571,0.9996805191040039,0.00031945965019986033
1572,0.9903317093849182,0.009668289683759212
1573,0.09433060884475708,0.9056693911552429
1574,0.9995112419128418,0.0004887442919425666
1575,0.997567892074585,0.002432097215205431
1576,0.995250403881073,0.004749590996652842
1577,0.9900720715522766,0.009927921928465366
1578,0.9980734586715698,0.0019265550654381514
1579,0.9974971413612366,0.0025028607342392206
1580,0.9993547797203064,0.0006452121888287365
1581,0.9993505477905273,0.0006494614062830806
1582,0.9991949200630188,0.0008050926262512803
1583,0.9986820816993713,0.001317918999120593
1584,0.9984822273254395,0.0015177455497905612
1585,0.9994792342185974,0.0005207802751101553
1586,0.9856351613998413,0.014364826492965221
1587,0.9994766712188721,0.0005233217962086201
1588,0.9994069337844849,0.0005930436309427023
1589,0.9992369413375854,0.0007630566833540797
1590,0.9995468854904175,0.0004531135782599449
1591,0.011071264743804932,0.9889287352561951
1592,0.9992758631706238,0.0007241636631079018
1593,0.9943267703056335,0.005673218052834272
1594,0.04006248712539673,0.9599375128746033
1595,0.9756405353546143,0.02435949072241783
1596,0.9995148777961731,0.00048510980559512973
1597,0.036879539489746094,0.9631204605102539
1598,0.014441609382629395,0.9855583906173706
1599,0.9997977614402771,0.00020224375475663692
1600,0.9995315670967102,0.0004684512969106436
1601,0.023334085941314697,0.9766659140586853
1602,0.999638020992279,0.0003619699564296752
1603,0.9991927742958069,0.0008072155178524554
1604,0.03659015893936157,0.9634098410606384
1605,0.013542354106903076,0.9864576458930969
1606,0.9988139867782593,0.0011860071681439877
1607,0.005570113658905029,0.994429886341095
1608,0.9988619089126587,0.001138078048825264
1609,0.9985657930374146,0.0014341772766783834
1610,0.9815778136253357,0.01842217519879341
1611,0.9892516136169434,0.010748372413218021
1612,0.9997028112411499,0.0002972131478600204
1613,0.9992672204971313,0.0007327829953283072
1614,0.9515755772590637,0.048424433916807175
1615,0.9987229704856873,0.0012770042521879077
1616,0.9994131922721863,0.0005868101725354791
1617,0.01299065351486206,0.9870093464851379
1618,0.9990660548210144,0.0009339227108284831
1619,0.996351420879364,0.0036486084572970867
1620,0.9979671239852905,0.0020328618120402098
1621,0.9991224408149719,0.0008775697788223624
1622,0.9944220185279846,0.005577973090112209
1623,0.9992556571960449,0.000744339544326067
1624,0.9993224143981934,0.0006775986985303462
1625,0.07353782653808594,0.9264621734619141
1626,0.9983863830566406,0.0016136451158672571
1627,0.08129370212554932,0.9187062978744507
1628,0.11840271949768066,0.8815972805023193
1629,0.9995386004447937,0.0004613843630068004
1630,0.9997543096542358,0.0002456648799125105
1631,0.9990494847297668,0.0009504995541647077
1632,0.980602502822876,0.019397491589188576
1633,0.9956402778625488,0.004359740298241377
1634,0.9934611320495605,0.006538861896842718
1635,0.9993158578872681,0.0006841619033366442
1636,0.9984330534934998,0.001566970138810575
1637,0.9982669949531555,0.0017329809488728642
1638,0.9800019264221191,0.01999804377555847
1639,0.973813533782959,0.026186449453234673
1640,0.999089241027832,0.0009107726509682834
1641,0.9838312268257141,0.01616877131164074
1642,0.999047577381134,0.0009524009074084461
1643,0.9980337023735046,0.0019663076382130384
1644,0.9484408497810364,0.051559168845415115
1645,0.9987078905105591,0.001292104134336114
1646,0.9993957281112671,0.0006042579771019518
1647,0.9996702075004578,0.00032978056697174907
1648,0.9971125721931458,0.0028874084819108248
1649,0.9986373782157898,0.0013626257423311472
1650,0.9995666742324829,0.00043333254870958626
1651,0.9764918088912964,0.023508181795477867
1652,0.02999502420425415,0.9700049757957458
1653,0.023240625858306885,0.9767593741416931
1654,0.9971601366996765,0.002839884953573346
1655,0.9856341481208801,0.014365832321345806
1656,0.9988848567008972,0.0011151693761348724
1657,0.15743637084960938,0.8425636291503906
1658,0.9991066455841064,0.0008933647186495364
1659,0.6089874505996704,0.3910125494003296
1660,0.311582088470459,0.688417911529541
1661,0.9990811347961426,0.0009188666008412838
1662,0.9991843700408936,0.0008156243711709976
1663,0.992730975151062,0.007269009947776794
1664,0.994693398475647,0.00530658196657896
1665,0.9995238780975342,0.000476139277452603
1666,0.9987281560897827,0.0012718715006485581
1667,0.9985379576683044,0.001462032669223845
1668,0.9781872034072876,0.02181277610361576
1669,0.013365745544433594,0.9866342544555664
1670,0.9988499283790588,0.001150050782598555
1671,0.9991698265075684,0.0008301565540023148
1672,0.9995532035827637,0.00044680555583909154
1673,0.9994093775749207,0.0005906344158574939
1674,0.999255895614624,0.0007440976914949715
1675,0.9984965324401855,0.0015034704701974988
1676,0.9987598657608032,0.0012401290005072951
1677,0.9963992238044739,0.003600753378123045
1678,0.9992192983627319,0.0007806965732015669
1679,0.9995766878128052,0.0004233246436342597
1680,0.22632259130477905,0.773677408695221
1681,0.9962024688720703,0.003797540906816721
1682,0.991445004940033,0.008555005304515362
1683,0.9967695474624634,0.003230445086956024
1684,0.999311625957489,0.0006883606547489762
1685,0.9991646409034729,0.0008353528683073819
1686,0.9944716691970825,0.005528321024030447
1687,0.9988443851470947,0.0011556370882317424
1688,0.9995902180671692,0.0004097830387763679
1689,0.9727087616920471,0.02729121781885624
1690,0.0059119462966918945,0.9940880537033081
1691,0.011159837245941162,0.9888401627540588
1692,0.033635497093200684,0.9663645029067993
1693,0.9994456768035889,0.0005543081788346171
1694,0.07766735553741455,0.9223326444625854
1695,0.9975072145462036,0.0024927703198045492
1696,0.040936827659606934,0.9590631723403931
1697,0.9995313882827759,0.000468637328594923
1698,0.9969894289970398,0.003010559594258666
1699,0.9988473653793335,0.0011526523157954216
1700,0.9803040623664856,0.019695963710546494
1701,0.9978893995285034,0.0021106265485286713
1702,0.9987699389457703,0.00123006128706038
1703,0.42171233892440796,0.578287661075592
1704,0.9993505477905273,0.000649476598482579
1705,0.9963830709457397,0.0036169395316392183
1706,0.9989850521087646,0.0010149208828806877
1707,0.9914235472679138,0.008576439693570137
1708,0.9994035959243774,0.0005964325391687453
1709,0.9971048831939697,0.0028951256535947323
1710,0.9991223216056824,0.000877660175319761
1711,0.9986604452133179,0.0013395745772868395
1712,0.08954393863677979,0.9104560613632202
1713,0.9780165553092957,0.021983452141284943
1714,0.9985392689704895,0.0014607327757403255
1715,0.9982565641403198,0.0017434308538213372
1716,0.003411531448364258,0.9965884685516357
1717,0.9806211590766907,0.019378865137696266
1718,0.007838308811187744,0.9921616911888123
1719,0.9963118433952332,0.0036881400737911463
1720,0.8785838484764099,0.12141616642475128
1721,0.9984375834465027,0.0015624446095898747
1722,0.9995048642158508,0.0004951414302922785
1723,0.998502254486084,0.0014977732207626104
1724,0.007069885730743408,0.9929301142692566
1725,0.9962774515151978,0.003722571535035968
1726,0.9721227288246155,0.027877265587449074
1727,0.9989801049232483,0.0010198914678767323
1728,0.9957283139228821,0.004271658603101969
1729,0.9297975301742554,0.07020248472690582
1730,0.9997389316558838,0.00026108126621693373
1731,0.005111396312713623,0.9948886036872864
1732,0.9990928769111633,0.0009071467793546617
1733,0.5120041370391846,0.48799586296081543
1734,0.0838618278503418,0.9161381721496582
1735,0.9982196092605591,0.0017803929513320327
1736,0.9990962147712708,0.0009037877316586673
1737,0.998449444770813,0.0015505480114370584
1738,0.9988223910331726,0.0011776137398555875
1739,0.993587076663971,0.0064128995873034
1740,0.9931471943855286,0.0068528130650520325
1741,0.5181959867477417,0.4818039834499359
1742,0.9991814494132996,0.0008185643819160759
1743,0.9992884397506714,0.0007115432526916265
1744,0.9987050294876099,0.0012949748197570443
1745,0.9997043013572693,0.0002956945390906185
1746,0.9990218877792358,0.0009780918480828404
1747,0.01608288288116455,0.9839171171188354
1748,0.999674379825592,0.0003256040217820555
1749,0.9561337828636169,0.04386623203754425
1750,0.9981977343559265,0.0018022388685494661
1751,0.9992197155952454,0.000780308386310935
1752,0.9986528754234314,0.001347109442576766
1753,0.9699311256408691,0.03006884455680847
1754,0.9990745782852173,0.0009253919706679881
1755,0.07643437385559082,0.9235656261444092
1756,0.9955248832702637,0.004475113470107317
1757,0.02260899543762207,0.9773910045623779
1758,0.9318507313728333,0.06814927607774734
1759,0.9993586540222168,0.0006413360242731869
1760,0.9957638382911682,0.004236155189573765
1761,0.6271604299545288,0.3728395402431488
1762,0.9604082703590393,0.0395917147397995
1763,0.9934242963790894,0.006575720850378275
1764,0.9992793798446655,0.00072062062099576
1765,0.9989713430404663,0.0010286327451467514
1766,0.8706722855567932,0.1293276995420456
1767,0.9941521286964417,0.0058478559367358685
1768,0.98752361536026,0.012476385571062565
1769,0.999616265296936,0.0003837235562968999
1770,0.9983068704605103,0.001693151774816215
1771,0.9972089529037476,0.002791063394397497
1772,0.9917704463005066,0.008229529485106468
1773,0.9854398369789124,0.01456014160066843
1774,0.9351879358291626,0.0648120790719986
1775,0.9990683794021606,0.00093159603420645
1776,0.9990344047546387,0.000965602754149586
1777,0.9994008541107178,0.0005991565994918346
1778,0.9992302656173706,0.0007697446853853762
1779,0.9890029430389404,0.010997082106769085
1780,0.9991723895072937,0.0008276145090349019
1781,0.9992666244506836,0.000733366992790252
1782,0.7630658745765686,0.2369341403245926
1783,0.998788595199585,0.0012114247074350715
1784,0.9994518160820007,0.0005482066771946847
1785,0.9982154369354248,0.0017845620168372989
1786,0.9121732115745544,0.08782678097486496
1787,0.9988335371017456,0.0011664434568956494
1788,0.9946367740631104,0.005363207310438156
1789,0.999226987361908,0.0007730165380053222
1790,0.9997085928916931,0.0002914347860496491
1791,0.9996218085289001,0.0003782167041208595
1792,0.9074991941452026,0.09250079840421677
1793,0.9978408813476562,0.002159140072762966
1794,0.9940638542175293,0.005936134606599808
1795,0.9927102327346802,0.007289753761142492
1796,0.062060415744781494,0.9379395842552185
1797,0.9991369843482971,0.0008630344527773559
1798,0.9957205653190613,0.0042794435285031796
1799,0.17210203409194946,0.8278979659080505
1800,0.001245737075805664,0.9987542629241943
1801,0.9996071457862854,0.0003928248188458383
1802,0.995244562625885,0.004755448084324598
1803,0.9677271842956543,0.032272808253765106
1804,0.9748019576072693,0.025198044255375862
1805,0.9959748983383179,0.004025084897875786
1806,0.999602735042572,0.00039727729745209217
1807,0.005501925945281982,0.994498074054718
1808,0.9606467485427856,0.03935328125953674
1809,0.996708333492279,0.0032916588243097067
1810,0.9996322989463806,0.0003676811757031828
1811,0.9993135333061218,0.0006864667520858347
1812,0.999614417552948,0.00038561157998628914
1813,0.9983956813812256,0.001604342833161354
1814,0.9994156956672668,0.000584288383834064
1815,0.9982848167419434,0.00171521061565727
1816,0.999693751335144,0.0003062699397560209
1817,0.005808532238006592,0.9941914677619934
1818,0.9990605115890503,0.0009394653607159853
1819,0.9980283975601196,0.001971615944057703
1820,0.993148922920227,0.006851096637547016
1821,0.9991474151611328,0.0008526105084456503
1822,0.011599302291870117,0.9884006977081299
1823,0.9989864230155945,0.0010135478805750608
1824,0.9980039000511169,0.001996129285544157
1825,0.9977946281433105,0.0022053741849958897
1826,0.998691201210022,0.0013087858678773046
1827,0.988543689250946,0.011456305161118507
1828,0.9992730021476746,0.0007270058849826455
1829,0.9967314004898071,0.0032685864716768265
1830,0.984032928943634,0.015967098996043205
1831,0.992412269115448,0.00758772250264883
1832,0.010274648666381836,0.9897253513336182
1833,0.047905147075653076,0.9520948529243469
1834,0.7543116807937622,0.2456882894039154
1835,0.9289133548736572,0.07108667492866516
1836,0.9976606369018555,0.0023393600713461637
1837,0.999598503112793,0.00040151606663130224
1838,0.8790109753608704,0.12098901718854904
1839,0.9986777305603027,0.0013222956331446767
1840,0.9996308088302612,0.0003691734164021909
1841,0.998813271522522,0.0011867106659337878
1842,0.9834684133529663,0.016531556844711304
1843,0.9996219873428345,0.0003780309052672237
1844,0.9996045231819153,0.0003954658459406346
1845,0.012958526611328125,0.9870414733886719
1846,0.9974492788314819,0.0025507048703730106
1847,0.022885143756866455,0.9771148562431335
1848,0.2537301778793335,0.7462698221206665
1849,0.999245822429657,0.0007541964878328145
1850,0.990386962890625,0.009613033384084702
1851,0.9993796348571777,0.0006203759112395346
1852,0.548733651638031,0.451266348361969
1853,0.9952235817909241,0.004776396322995424
1854,0.817115306854248,0.18288469314575195
1855,0.9965961575508118,0.003403817070648074
1856,0.9979321360588074,0.0020678904838860035
1857,0.9991505742073059,0.0008493965724483132
1858,0.0785595178604126,0.9214404821395874
1859,0.9992616176605225,0.000738375005312264
1860,0.999536395072937,0.00046358932740986347
1861,0.9992524981498718,0.0007475308957509696
1862,0.03365403413772583,0.9663459658622742
1863,0.9971010684967041,0.0028989040292799473
1864,0.9973679184913635,0.002632074523717165
1865,0.3837682008743286,0.6162317991256714
1866,0.5891038775444031,0.4108961224555969
1867,0.9994099736213684,0.000590041687246412
1868,0.9420574903488159,0.05794250965118408
1869,0.9987073540687561,0.0012926185736432672
1870,0.09623163938522339,0.9037683606147766
1871,0.9889788031578064,0.011021213605999947
1872,0.999591052532196,0.0004089576832484454
1873,0.9985824823379517,0.0014175416436046362
1874,0.9944406747817993,0.005559322889894247
1875,0.9970899224281311,0.0029100619722157717
1876,0.9992590546607971,0.0007409496465697885
1877,0.016425609588623047,0.983574390411377
1878,0.9961242079734802,0.0038758108858019114
1879,0.9779213666915894,0.022078633308410645
1880,0.9987488389015198,0.0012511374661698937
1881,0.9994992017745972,0.0005008277948945761
1882,0.9954169392585754,0.004583063535392284
1883,0.9946326017379761,0.005367392674088478
1884,0.9996039271354675,0.0003961025213357061
1885,0.9994779229164124,0.0005220528692007065
1886,0.9992595911026001,0.0007404371863231063
1887,0.978265643119812,0.021734338253736496
1888,0.005782723426818848,0.9942172765731812
1889,0.9993706345558167,0.0006293529877439141
1890,0.9991975426673889,0.0008024421986192465
1891,0.9992454648017883,0.0007545059197582304
1892,0.01219487190246582,0.9878051280975342
1893,0.9992187023162842,0.0007812998373992741
1894,0.9993938207626343,0.0006061817402951419
1895,0.8659372925758362,0.13406270742416382
1896,0.999047040939331,0.0009529790841042995
1897,0.9992004036903381,0.0007996057393029332
1898,0.9980646967887878,0.0019353301031515002
1899,0.999092161655426,0.000907856272533536
1900,0.9973631501197815,0.0026368428952991962
1901,0.9830959439277649,0.016904037445783615
1902,0.9969375133514404,0.0030624617356806993
1903,0.9991481304168701,0.0008518744143657386
1904,0.9971343278884888,0.0028656579088419676
1905,0.9991470575332642,0.0008529680781066418
1906,0.9959601163864136,0.004039869178086519
1907,0.9993054270744324,0.0006945446948520839
1908,0.9996308088302612,0.0003691755118779838
1909,0.9988584518432617,0.0011415205663070083
1910,0.9759519696235657,0.024048052728176117
1911,0.9982537031173706,0.001746272318996489
1912,0.9968423247337341,0.003157661994919181
1913,0.9998453259468079,0.00015467633784282953
1914,0.999228835105896,0.0007711510406807065
1915,0.9993978142738342,0.000602191430516541
1916,0.6746824979782104,0.32531747221946716
1917,0.5895991325378418,0.4104008376598358
1918,0.9993724822998047,0.0006275058840401471
1919,0.306194007396698,0.693805992603302
1920,0.011686444282531738,0.9883135557174683
1921,0.9996761083602905,0.00032388701220043004
1922,0.9912676215171814,0.008732381276786327
1923,0.9964873194694519,0.003512668190523982
1924,0.9667177796363831,0.033282194286584854
1925,0.9994706511497498,0.0005293702124617994
1926,0.3599745035171509,0.6400254964828491
1927,0.9975744485855103,0.0024255337193608284
1928,0.9941025972366333,0.00589739391580224
1929,0.718329906463623,0.28167012333869934
1930,0.9973741173744202,0.002625897992402315
1931,0.9996281862258911,0.00037178874481469393
1932,0.9953618049621582,0.004638196900486946
1933,0.9358019232749939,0.0641980841755867
1934,0.9996135234832764,0.0003864868776872754
1935,0.9991021752357483,0.0008978320402093232
1936,0.9989499449729919,0.0010500336065888405
1937,0.8358254432678223,0.16417457163333893
1938,0.9985964894294739,0.0014035284984856844
1939,0.999413788318634,0.0005862304242327809
1940,0.9951694011688232,0.004830585792660713
1941,0.999280571937561,0.0007194284698925912
1942,0.017700016498565674,0.9822999835014343
1943,0.9995786547660828,0.00042135026887990534
1944,0.17062807083129883,0.8293719291687012
1945,0.9972472190856934,0.0027527681086212397
1946,0.9108361005783081,0.08916390687227249
1947,0.9997872710227966,0.00021274184109643102
1948,0.01313108205795288,0.9868689179420471
1949,0.999660849571228,0.00033917161636054516
1950,0.20412510633468628,0.7958748936653137
1951,0.9979655742645264,0.0020344394724816084
1952,0.9995850920677185,0.00041488069109618664
1953,0.9986137747764587,0.0013862110208719969
1954,0.999256432056427,0.0007435469888150692
1955,0.9992527961730957,0.0007472168654203415
1956,0.10593754053115845,0.8940624594688416
1957,0.9979583621025085,0.002041608327999711
1958,0.9811802506446838,0.018819771707057953
1959,0.9994373917579651,0.000562602945137769
1960,0.01889050006866455,0.9811094999313354
1961,0.9984768629074097,0.001523127662949264
1962,0.9929692149162292,0.007030791603028774
1963,0.6319671869277954,0.3680328130722046
1964,0.998328685760498,0.0016713389195501804
1965,0.9978191256523132,0.002180847804993391
1966,0.8281497955322266,0.17185018956661224
1967,0.9960919618606567,0.003908039070665836
1968,0.9927529096603394,0.007247082889080048
1969,0.9992140531539917,0.0007859422476030886
1970,0.9866693019866943,0.01333068497478962
1971,0.995810329914093,0.004189659841358662
1972,0.9989632964134216,0.001036722562275827
1973,0.9988542795181274,0.0011457239743322134
1974,0.9897861480712891,0.010213830508291721
1975,0.9892857074737549,0.010714313946664333
1976,0.9416394233703613,0.058360595256090164
1977,0.998250424861908,0.0017495577922090888
1978,0.09321826696395874,0.9067817330360413
1979,0.9994469881057739,0.0005530392518267035
1980,0.9739382266998291,0.0260617695748806
1981,0.143696129322052,0.856303870677948
1982,0.998709499835968,0.001290485612116754
1983,0.999099612236023,0.0009003762970678508
1984,0.9990208745002747,0.0009791483171284199
1985,0.00484997034072876,0.9951500296592712
1986,0.9970693588256836,0.0029306181240826845
1987,0.998893678188324,0.0011063377605751157
1988,0.9992852210998535,0.0007147520664148033
1989,0.002860426902770996,0.997139573097229
1990,0.6398104429244995,0.3601895272731781
1991,0.9912971258163452,0.008702852763235569
1992,0.9985384941101074,0.0014614961110055447
1993,0.9988304972648621,0.0011694768909364939
1994,0.9870444536209106,0.012955536134541035
1995,0.9990653991699219,0.0009346085716970265
1996,0.9992305040359497,0.000769478443544358
1997,0.9595139026641846,0.04048606753349304
1998,0.9950048923492432,0.004995089024305344
1999,0.8692466020584106,0.13075341284275055
2000,0.9996078014373779,0.00039219038444571197
2001,0.9968713521957397,0.00312862079590559
2002,0.9988915324211121,0.0011084413854405284
2003,0.9959579110145569,0.004042083863168955
2004,0.0513802170753479,0.9486197829246521
2005,0.9987478256225586,0.0012521656462922692
2006,0.9990571141242981,0.0009428705670870841
2007,0.9179021120071411,0.08209791779518127
2008,0.999282717704773,0.0007172873592935503
2009,0.9974877238273621,0.002512275939807296
2010,0.9989762902259827,0.001023711753077805
2011,0.6354044079780579,0.36459559202194214
2012,0.071749746799469,0.928250253200531
2013,0.9996882081031799,0.00031181302620097995
2014,0.99965500831604,0.0003450171207077801
2015,0.9919930100440979,0.00800697784870863
2016,0.01646345853805542,0.9835365414619446
2017,0.992642343044281,0.00735762994736433
2018,0.8856566548347473,0.11434333771467209
2019,0.9914213418960571,0.00857868604362011
2020,0.9995892643928528,0.00041074692853726447
2021,0.9994492530822754,0.0005507312598638237
2022,0.9934206604957581,0.006579331588000059
2023,0.9994938969612122,0.0005061014089733362
2024,0.9991669058799744,0.0008330838172696531
2025,0.9990113973617554,0.0009885983308777213
